{"cameraMode":{"drawMode":0,"name":"Shaded","section":"Shading Mode"},"sceneLighting":false,"audioPlay":false,"sceneViewState":{"m_AlwaysRefresh":false,"showFog":true,"showSkybox":false,"showFlares":true,"showImageEffects":true,"showParticleSystems":true,"showVisualEffectGraphs":true,"m_FxEnabled":true},"in2DMode":false,"pivot":{"x":13.609716415405274,"y":0.16807198524475099,"z":25.965547561645509},"rotation":{"x":0.1746668964624405,"y":-0.5019536018371582,"z":0.1044384017586708,"w":0.8408387899398804},"size":2.2356433868408205,"orthographic":false}