{"cameraMode":{"drawMode":0,"name":"Shaded","section":"Shading Mode"},"sceneLighting":true,"audioPlay":false,"sceneViewState":{"m_AlwaysRefresh":false,"showFog":true,"showSkybox":true,"showFlares":true,"showImageEffects":true,"showParticleSystems":true,"showVisualEffectGraphs":true,"m_FxEnabled":true},"in2DMode":false,"pivot":{"x":272.8961181640625,"y":-55.924896240234378,"z":1044.2174072265625},"rotation":{"x":0.30897921323776247,"y":-0.31705623865127566,"z":0.10952244699001312,"w":0.890238881111145},"size":396.2903137207031,"orthographic":false}