{"cameraMode":{"drawMode":0,"name":"Shaded","section":"Shading Mode"},"sceneLighting":true,"audioPlay":false,"sceneViewState":{"m_AlwaysRefresh":false,"showFog":true,"showSkybox":true,"showFlares":true,"showImageEffects":true,"showParticleSystems":true,"showVisualEffectGraphs":true,"m_FxEnabled":true},"in2DMode":false,"pivot":{"x":394.7247314453125,"y":4.1219024658203129,"z":837.508544921875},"rotation":{"x":0.28490114212036135,"y":-0.008636432699859143,"z":0.0025332921650260689,"w":0.9585648775100708},"size":74.03836059570313,"orthographic":false}