{"cameraMode":{"drawMode":0,"name":"Shaded","section":"Shading Mode"},"sceneLighting":true,"audioPlay":false,"sceneViewState":{"m_AlwaysRefresh":false,"showFog":true,"showSkybox":true,"showFlares":true,"showImageEffects":true,"showParticleSystems":true,"showVisualEffectGraphs":true,"m_FxEnabled":true},"in2DMode":false,"pivot":{"x":282.0411376953125,"y":0.015657007694244386,"z":931.09423828125},"rotation":{"x":-0.02788209728896618,"y":-0.06213214993476868,"z":0.0013706564204767347,"w":-0.9980251789093018},"size":12.575884819030762,"orthographic":false}