{"cameraMode":{"drawMode":0,"name":"Shaded","section":"Shading Mode"},"sceneLighting":true,"audioPlay":false,"sceneViewState":{"m_AlwaysRefresh":false,"showFog":true,"showSkybox":true,"showFlares":true,"showImageEffects":true,"showParticleSystems":true,"showVisualEffectGraphs":true,"m_FxEnabled":true},"in2DMode":false,"pivot":{"x":294.705810546875,"y":413.2700500488281,"z":-581.5160522460938},"rotation":{"x":-0.11617830395698548,"y":0.008241720497608185,"z":-0.0013075238093733788,"w":-0.9935436248779297},"size":59.67112350463867,"orthographic":false}