{"cameraMode":{"drawMode":0,"name":"Shaded","section":"Shading Mode"},"sceneLighting":false,"audioPlay":false,"sceneViewState":{"m_AlwaysRefresh":false,"showFog":true,"showSkybox":false,"showFlares":true,"showImageEffects":true,"showParticleSystems":true,"showVisualEffectGraphs":true,"m_FxEnabled":true},"in2DMode":false,"pivot":{"x":1.7947726249694825,"y":-0.1233053207397461,"z":1.2912659645080567},"rotation":{"x":0.07683473080396652,"y":0.9227594137191773,"z":-0.28089916706085207,"w":0.2524033188819885},"size":10.19353199005127,"orthographic":false}