{"cameraMode":{"drawMode":0,"name":"Shaded","section":"Shading Mode"},"sceneLighting":false,"audioPlay":false,"sceneViewState":{"m_AlwaysRefresh":false,"showFog":true,"showSkybox":false,"showFlares":true,"showImageEffects":true,"showParticleSystems":true,"showVisualEffectGraphs":true,"m_FxEnabled":true},"in2DMode":false,"pivot":{"x":12.612492561340332,"y":3.814946174621582,"z":4.443548202514648},"rotation":{"x":-0.017266742885112764,"y":0.9619190692901611,"z":-0.26712852716445925,"w":-0.060612741857767108},"size":16.38768768310547,"orthographic":false}